{"cameraMode":{"drawMode":0,"name":"Shaded","section":"Shading Mode"},"sceneLighting":true,"audioPlay":false,"sceneViewState":{"showFog":true,"showMaterialUpdate":false,"showSkybox":true,"showFlares":true,"showImageEffects":true,"showParticleSystems":true},"in2DMode":false,"pivot":{"x":-0.5703903436660767,"y":1.134082317352295,"z":0.705742597579956},"rotation":{"x":0.3307095468044281,"y":-0.1821402907371521,"z":0.06521181762218476,"w":0.9236919283866882},"size":9.616080284118653,"orthographic":false}