{"cameraMode":{"drawMode":0,"name":"Shaded","section":"Shading Mode"},"sceneLighting":true,"audioPlay":false,"sceneViewState":{"showFog":true,"showMaterialUpdate":false,"showSkybox":true,"showFlares":true,"showImageEffects":true,"showParticleSystems":true},"in2DMode":false,"pivot":{"x":-31.376079559326173,"y":-15.366908073425293,"z":-6.626959323883057},"rotation":{"x":0.27161455154418948,"y":-0.540639340877533,"z":0.1899133175611496,"w":0.7732244729995728},"size":26.338848114013673,"orthographic":false}